RX_DATA_0,RX_DATA_1,RX_DATA_2,RX_DATA_3,RX_DATA_4,RX_DATA_5,RX_DATA_6,RX_DATA_7,RX_DATA_8,RX_DATA_9,RX_DATA_10,RX_DATA_11
a0098403,a5c18e00,a300401f,a1634786,a0650783,a0ca808c,a181c184,a4a79312,a2860512,a0a4d681,a261411a,a2474d00
a0244c2f,a0434eb7,a064878d,a149d289,a142c51a,a080463d,a0664095,a1e50a81,a1a38f22,a02a4085,a0210305,a157823a
a024c500,a1844788,a9684487,a3628901,a5218185,a0e44100,a3360386,a0424902,a1a38388,a3a28101,a04a0080,a2a8c013
a0c21391,a0804300,a0ecc083,a0028203,a0034c0f,a189c507,a021c7ca,a3e3110e,a1408094,a222c424,a0a0008c,a0448103
a105418a,a0240503,a022c631,a02b418f,a0e34080,a1a9c018,a0414882,a320d490,a000c786,a1025620,a3a24901,a186018e
a0010388,a0218722,a06224af,a6a98293,a1a0c397,a0458115,a0230403,a0a19706,a1800214,a2c00089,a1210403,a0c1c52e
a1c20517,a3641904,a0a9851e,a4438f40,a1e28116,a0410202,a2069283,a0828103,a0a4c4af,a0c34311,a1214601,a001409e
a1c44183,a0018692,a0618ca7,a1c21896,a0e20689,a2c44180,a1724700,a243880d,a0424286,abc2cd0d,a0404007,a2244a88
a161c010,a187839a,a2e28104,a0800483,ade0439b,a5200b99,a0a1828e,a326c000,a0ec401e,a1874082,a48046a2,a0634181
a0a7c18c,a0414918,a185c705,a06086ac,a381c21b,a546859d,a3e5071c,a040d088,a4244a85,a0a01181,a6818c0b,a0a101b3
a0244301,a2664718,a20b0385,a74102b0,a0808181,a04102a1,a4461f23,a020805e,a2a38843,a2638c87,a2e0c734,a1604016
a020149f,a2b0440b,a041ca05,a2624880,a260c121,a1e7d08a,a484c48b,a1414a88,a1e60181,a121c183,a0834193,a1a00584
a040c104,a0008429,a7814410,a103c30a,a0828221,a046c21a,a1054093,a1a24400,a1855f98,a0468796,a1408705,a1810508
a0c00c05,a2e2482b,a141c0a4,a0c3c280,a2030394,ac0b022a,a2ea8684,a1438103,a185090d,a2820787,a1809001,a5f1ca91
a3050780,a224870f,a2494981,a0e10112,a581cd95,a061ce81,a145498f,a1c0800b,a124d90a,a1838005,a0200188,a026c090
a4400615,a120cfa0,a0c24200,a1200283,a3044593,a3014092,a5e84087,a0858906,a0808485,a001c00f,a0240182,a0c20d81
a4e00319,a1864580,a0474010,a1418e0f,a046908e,a0e04805,a165c980,a3818719,a171868b,a5628b00,a0210197,a0c4c703
a1c107b9,a028c409,a4630487,a002c000,a1600983,a3c48286,a2018285,a0601923,ab850689,a0010c86,a3030faf,a0258614
a0a0c59a,a4c3cb8c,a320530b,a06ac3aa,a0434285,a1a58402,a541820c,a0c34780,a1a24300,a0284491,a1268ebe,a300048a
a1610281,a0a12001,a3230504,a1628d06,a1810483,a0844e8d,a0455101,a1264285,a04bc12a,a58c918d,a5a34110,a08084a1
a0a34a0e,a0008f02,a2cac106,a0698584,ab25c091,a02b8a80,a0a20503,a2410c84,a42a419c,a2430121,a12b0980,a00c4a05
a0e0c20b,a142904a,a300c98a,a8884223,a0a0049a,a463c003,a3850495,a0870201,a003c20a,a1234384,a0a2c007,a02081b1
a0638315,a2298602,a0a38812,a0408684,a1c08284,a0620d87,a02244cb,a0001086,a0628d9d,a160001e,a0e2c405,a2020508
a069c119,a003c20f,a205c504,a1e34083,a0424216,a1418015,a0864018,a2820b87,a021423d,a488cd00,a4ee0e81,a2614108
a2aa038f,a2a8c406,a08053a5,a0264908,a2014307,a0a0000b,a6400087,a2e0c580,a020808d,a140c781,a0a24a8b,a0478300
a004419f,a5614781,a6228f01,a0620a87,a6e68086,a025030f,a106080c,a125080c,a4014013,a063080f,a0044007,a4ce828c
a4018283,a0e04185,a025d611,a042819a,a3028383,a0a68281,a1214210,a0000100,a121c108,a062062f,a3901b90,a2260105
a1c38126,a1030539,a3090584,a1008887,a1000d08,a1e2832e,a0414b85,a165c20e,a0e0c002,a320cc04,a0e20b06,a7a1c583
a506c29d,a167cc03,a2c00d83,a2c885a0,a1c64000,a020c106,a0e1448d,a0280481,a0421021,a0678811,a4a341a0,a000818e
a2a30727,a1a48704,a0e4420b,a000ca8c,a000cf81,a1200c82,a0510409,a0494387,a1414284,a0c00398,a0a04981,a1414733
a1a05087,a4c28994,a3214392,a00a862f,a5024e93,a2434090,a0278e08,a22f028d,a2a140ab,a2a10495,a405439f,a0430507
a2a1df00,a0618312,a12a8b87,a1080502,a1068980,a1874784,a0408005,a3a602ba,a300c5c5,a401048a,a045c38a,a0600300
a0808093,a1084083,a2e28614,a040c583,a284c885,a460c394,a162828e,a12e8691,a181cf05,a0c14eb4,a0820084,a5e4420d
a0154326,a0404383,a1211293,a2400682,a6034603,a0494d26,a021422e,a0410888,a5450807,a2604096,a1400103,a069c201
a042c10a,a1e4c284,a1414224,a0000902,a06ac192,a0e8190a,a222840c,a0a0818b,a1214700,a021c607,a1e2c10c,a02c0006
a1c04180,a001428a,a1088500,a161c308,a30244b5,a1610100,a0c5c819,a2610a83,a5a74082,a3c00000,a06c4485,a0e98f06
a1040530,a0a00097,a3601482,a2820585,a0e39101,a065c382,a2c04583,a2654d01,a5e1010d,a0255316,a2220088,a3410624
a20e0409,a0e24382,a280061d,a820c490,a1260e88,a064494b,a18081af,a2224085,a280cd06,a0220491,a3c1848e,a0838587
a0c5c390,a1a00691,a0e3030e,a200462e,a021c6b2,a1c2c583,a2814795,a0888006,a1ae8f01,a0264487,a0828302,a2c54d8e
a001c580,a1200a06,a1e34413,a1e10488,a023ca8f,a365400c,a081830e,a301c289,a1c10495,a043c481,a0231608,a161408d
a4619c1b,a0950589,a40ac01c,a0e0c106,a06b5308,a344c4a9,a1a08b01,a060c289,a000c487,a040499b,a085cf9c,a021033b
a2228c00,a0010282,a0204a07,a1e44618,a1e21701,a122c891,a3208048,a20532a3,a0840012,a7a30593,a1260488,a2804488
a1058781,a3e54022,a1804205,a0c2050c,a1444501,a1404481,a147000e,a26098be,a384c092,a2e20094,a043868a,a5e083a6
a0868198,a0c81883,a0448002,a26283ac,a164ca03,a0c04284,a0638980,a1054583,a54f8111,a1c4c0aa,a4a60b84,a00a4f19
a24c8b0c,a122cca0,a182c788,a1a5018b,a0004909,a02002c5,a060058e,a0040017,a2820808,a0608393,a160c352,a183c181
a106060a,a1811983,a3250786,a100478e,a180800a,a2a14e89,a0e28380,a1ebc80b,a0015680,a4260919,a0c84902,a1e0ca08
a1608381,a1414400,a004ab80,a05fda80,a041059a,a008820b,a2854587,a30540a8,a1634d0a,a06151bd,a220140a,a2818490
a200ce1b,a22a060c,a2254282,ab240284,a287400d,a1c00b25,a3e103a1,a008403e,a2e0ca8b,a087c007,a04008b1,a286c203
a0e84081,a1e38000,a0ac870a,a0814586,a0218a07,a1010201,a0078202,a0228daa,a0008280,a0e04107,a100ce80,a4018a08
a020c011,a0a10383,a204c68b,a1414880,a2278588,a042801d,a100879b,a940cb9b,a0875607,a3248487,a1a18928,a0e00402
afe04601,a040c888,a0834f83,a233472a,a021c01f,a2e60786,a0240021,a0c5c5c6,a3764800,a1008186,a0441786,a3288104
a1e1570c,a860081f,a0a29d07,a000c409,a1a20504,a0011810,a0e4c495,a081c380,a442029a,a0e20d04,a2608110,a182c084
a0a80284,a360c28a,a06ac081,a1828184,a003010c,a1254586,a2028807,a2414589,a1004019,a0450aa0,a1828f9a,a007c580
a0808009,a16b8381,a1e2a4f1,a3000119,a021c092,a7634402,a0cd4b03,a240149f,a1400500,a0a7db02,a061c183,a2076491
a00e4a81,a3c00196,a3205286,a0c6c493,a0e1010f,a0299284,a4024094,a140d614,a048c482,a046d520,a0434183,a0a29600
a521c205,a3a10401,a224ce97,a10ec809,a1a0c003,a524c10a,a145830a,a2e08a92,a0c108a2,a0808209,a4824606,a3a2c915
a100d7bf,a126c787,a5c1c287,a0004d1e,a160060c,a1e00905,a080000a,a420880a,a0c2489d,a0a48600,a420cb10,a129c21a
a2e14488,a2430197,a3844608,a6241281,a0220806,a7e102af,a0424505,a003c691,a4654284,a1a24004,a201c00c,a2a4c780
a38f0314,a3848f19,a282c504,a4051723,a0200488,a0e04107,a0724417,a0449419,a0828217,a0e10c0f,a281c002,a1c18489
a3800187,a06996da,a3829083,a3474183,a3e04396,a2235f30,a420090a,a220c081,a121838a,a4a34013,a0a34007,a0284412
a122c387,a2220183,a127c300,a4c24682,a5640501,a0a0c7a8,a0a24381,a2e4c180,a4a44091,a0011283,a027c805,a2a50090
a0604082,a0e2070d,a0401795,a0e1d488,a260460c,a126c615,a4e1c806,a281a303,a0a18a8a,aa350186,a1878488,a2eaca83
a005008e,a0e0c08b,a0e10730,a0c14202,a0662696,a380048e,a0a38681,a0254e28,a263c800,a2a0040d,a0024003,a420499e
a0408780,a3604703,a221c5a3,a4a14683,a101078c,a0c04013,a082038d,a22180a9,a04ec017,a2084501,a404c103,a085429b
a0630705,a01b4702,a365c100,a1820205,a0a50829,a6a10094,a1410295,a1424b02,a3a0d115,a3025587,a186898e,a3204b00
a427c401,a323c30b,a040c80b,a0c08e03,a4e14404,a143c001,a0c14318,a0e0c0ad,a063098c,a0000985,a12e4d88,a1434483
a080418d,a2c10092,a0c081d2,a0a50300,a2604021,a3424188,a1629383,a405878c,a3029b10,a047c30b,a002c405,a0a40707
a866001e,a14040b4,a0860d08,a0a2dc07,a326c307,a0860114,a3e71107,a323418e,a681418b,a024c7ba,a36ac307,a22448b8
a0a38900,a1204a89,a2800511,a384e102,a2844205,a0418602,a0031419,a0840909,a2a2020a,a0600c8e,a1a1421c,a1e09784
a3a40104,a3218288,a240150e,a5000001,a041448c,a026dd81,a2831104,a0404100,a02a8b09,a6c3c703,a2c0cc94,a023031b
a1604688,a0c24090,a0824501,a147878f,a19b0a2a,aa05c023,a1038129,a1a38089,a2008b00,a042c805,a300069e,a0e20021
a183478a,a064c227,a2e380a3,a162c711,a06201a7,a260c315,a1c38688,a3a5c088,a247c209,a562130d,a001c007,a2e00121
a2489086,a3e1dd0f,a4c4c102,a3ca8683,a323039e,a3038411,a2459190,a2410100,a0644500,a0400206,a2844b89,a103cb0d
a1c24909,a0c5028e,a260c302,a1228094,a0e04c02,a025c68d,a121492c,a4e40002,a104c180,a2e08f02,a621458b,a12d0009
a0448785,a1e29d18,a0a88882,a1620586,a0c54081,a266408b,a1cbc200,a222883b,a080c198,a2838615,a2008102,a0e6850c
a4048608,a0e0c003,a2004104,a14a8706,a184528a,a1020f09,a0c30687,a0274088,a007d092,a0634484,a028c2c1,a061018e
a1e00313,a0a0d11d,a1834221,a062199b,a2228700,a0e0831c,a140c286,a0eb422c,a2c32613,a0ea858d,a36ccb82,a0e00d94
a023c725,a0418d34,a2a28509,a10bc19b,a001441b,a1418312,a5a1849a,a123830e,a0e14793,a58c010b,a020911a,a5058201
a6245109,a0a48904,a2410191,a2000010,a3600107,a0e04994,a0428d00,a025c69c,a8e0cb16,a083d890,a0604100,a083860d
a0644010,a0880193,a0610283,a2008004,a0e04a83,a7008e0d,a104418a,a1e08309,a2670090,a2c10336,a1acc181,a025819b
a444ce85,a080c198,a1c44880,a1400486,a2054495,a1208b05,a1210580,a2004026,a124c08b,a522464a,a181c416,a0c4c305
a08e5bb8,a4a69483,a2c0008d,a0201302,a0671a87,a182c701,a0e2c717,a5e0409a,a1cb839f,a1e28407,a1a78e08,a0230788
a1e3038a,a1224097,a1609781,a101520c,a100c586,a080c381,a14504ad,a220c3a5,a0c0c18b,a0cb4917,a2428c81,a0a00313
a34000c8,a766c314,a0618410,a0a2813a,a2818d00,a1c85616,a1e28e12,a1810596,a0038103,a205d588,a0600b0a,a5008d86
a2648794,a0a00580,a4a2c187,a3604388,a140c908,a00140b7,a0818103,a061079e,a14f058f,a201c01c,a1a34237,a18081a7
a1090119,a00a550d,a0474297,a06bc780,a2810510,a060c090,a0ea8004,a0470606,a0200489,a1228224,a3a30205,a06681a2
a3410912,a0c44018,a3238281,a0c04801,a0448405,a1408b8b,a1508718,a2418526,a0138309,a161c989,a0c08d2d,a0475013
a0048084,a0a1ce8f,a362c29b,a16c4789,a2e08026,a1294b81,a145c312,a027c119,a00c8501,a021c982,a0f3c201,a1aa8009
a320080a,a1a0828f,a0a74082,a0e0c682,a5628286,a0048381,a2108001,a0088c82,a0e40a05,a1c38814,a4a7574e,a6490095
a0460087,a482131b,a1c14426,a0c04581,a3a48484,a248418a,a1e05112,a2650a45,a4028c05,a104c30d,a1630e03,a0e1d2aa
a2005007,a0c00409,a1e4470a,a045409a,a4804b82,a180c081,a2c6040b,a0c11307,ab601382,a062c089,a2c18282,a2850101
a00741af,a320da0e,a2200001,a020d507,a2008700,a0000481,a22bc089,a0600e13,a7e4c28d,a0204aa0,a183408a,a0e32f08
a4411004,a261898b,a0410013,a0f1035b,a384c289,a0084137,a2405106,a4410019,a8280505,a102ce12,a105ce04,a1a38081
a041c18e,a1a00486,a2240286,a6e80231,a108ca03,a1a18500,a0e20486,a020c402,a0274281,a0400082,a3c34000,a300c101
a4e58489,a0e24c02,a108c090,a0e122a5,a0264501,a160c580,a5034018,a484c480,a0828710,a520c605,a0820c89,a422d128
a084d70a,a0e0c328,a0c00599,a3c3c491,a3a04787,a08cc380,a0c50606,a0e10202,a3e28108,a0628a88,a121400b,a7e44027
a181451b,a0a0091b,a3e3458a,a1d28108,a1c3cdb6,a2680593,a0054ab4,a0224415,a06303a5,a008848b,a0a0c192,a042ca1f
a220100d,a0e08082,a0420b0e,a1e3c783,a0458c04,a089908f,a2e2440d,a2c24502,a040c50d,a121400f,a0804603,a0c0a00b
a0430d94,a0e98f01,a002c085,a2228710,a2ca118b,a1a04488,a26c4e02,a1a2dd95,a4240387,a0a10b86,a062c989,a04e8700
a0800d03,a1610883,a0e4c79a,a163819b,a1e0808e,a021940a,a8610011,a0208103,a36081cc,a0404807,a122cd90,a08a418b
a0e04303,a3238429,a280ca9c,a2c4c000,a003c807,a4c38a84,a100c782,a068c088,a0c2010f,a4008584,a3211b03,a3040906
a0640596,a0c50090,a0230a9f,a0420680,a402d10c,a0c14101,a0488609,a1268282,a0c2c088,a0abc080,a0214519,a042cc80
a0228289,a101c617,a0c20409,a1428401,a1c3430e,a6c8499f,a1298794,a0669400,a0814315,a1a1c0bc,a2c7c110,a201858c
a4c50494,a1a5c998,a0240399,a0a1c583,a0200485,a0804387,a162cc82,a4e304a8,a104c88d,a0010e0e,a2800913,a6811d02
a1a24995,a0a84187,a2c14504,a08041a0,a34505ad,a1840514,a307148e,a1225081,a0839910,a1030423,a0e7c125,a0a6c695
a2808b02,a060498a,a021818b,a141418a,a0640500,a100cf04,a3701289,a5c14385,a0865791,a4205002,a044ca0d,a2468093
a2210187,a38c44a7,a3864d04,a084dc02,a1610808,a1a2c481,a882c036,a200a898,a041c2b3,a7020714,a0640f03,a0414003
a1400a05,a2294188,a0e24a10,a400c68b,a0450482,a1000809,a2e7cd85,aa80088b,a0a24823,a5e74024,a0ae8a89,a2c4c294
a364c104,a680ca88,a188802a,a160838a,a1e01f97,a1a4428b,a0204823,a1a68217,a2220e2c,a1a1459a,a1604006,a0a0819d
a0008419,a1e68189,a1000103,a509870f,a522010f,a0c08428,a1e00481,a1c0c18d,a0ec8700,a0420d09,a0098892,a02084b0
a0408194,a5a30600,a0a4c300,a424803b,a2c6042e,a2c34601,a240c012,a0604506,a562590b,a1c04c06,a3c74106,a064888d
a5a2c500,a0831087,a2a60c9d,a327c001,a0838193,a1400523,a5e18005,a0270e88,a267d094,a0210481,a221c614,a2a0d02e
a1204084,a0274706,a0e49701,a5e0840f,a121ce11,a4814708,a3064715,a5c17f80,a2614583,a2200104,a0e0c691,a20a4816
a4c2c188,a56ac580,a1685183,a0834880,a7234803,a2804011,a1808102,a0040fa3,a0e1c08b,a2a08e0d,a2010105,a330192e
a101c0a3,a181421f,a084828a,a3a54687,a10a4c01,a0610d09,a0208301,a35141a4,a1a20193,a0602599,a24014ac,a0218701
a0c5811b,a1840011,a1850284,a041c201,a0024f93,a24000b5,a6a20a1a,a542c8a4,a042408b,a0248000,a1008203,a226c202
a3c2c31c,a2249e8f,a200038b,a1264104,a0e08b1e,a400c113,a201cab3,a0220482,a3e0cf82,a020c60e,a0050994,a0650491
a0054a06,a0408280,a5e6c282,a0c00e07,a180058c,a1e4c699,a000d115,a0a3c189,a0804700,a0a10333,a0618194,a0804128
a163c022,a0c7c24b,a0c0c4a6,a2438203,a266c02f,a3004007,a56002ac,a2898c32,a0004383,a20193a1,a0818681,a0c01106
a0ec0906,a0c0018a,a0e0c182,a4c04692,a0e14580,a0804482,a081400e,a020c583,a0a00213,a0220306,a782058f,a0068119
a0a0000a,a080c111,a0c1940b,a02114a1,a1c14a8d,a06607b7,a0604511,a1439680,a0238104,a082840a,a4a20d0b,a2c3012e
a0450310,a025d003,a101839c,a1e88706,a0c40987,a602c01e,a0a8011b,a3004094,a681c41b,a1204393,a4210400,a1a1888b
a062f493,a662c702,a4a00591,a103c399,a0818012,a2854434,a0e9010b,a443698e,a0400a0e,a1c0c48b,a0458483,a181c608
a0604285,a043820c,a0628117,a32c8302,a08502bc,a2404900,a4448902,a1271019,a3818607,a0034106,a4408581,a2420000
a1a5c406,a2c14000,a0880198,a0200217,a0620208,a1e11401,a2454007,a0505015,a1a1c39c,a0e70b18,a242c186,a0a04880
a042c39d,a0c75682,a002c182,a0e2020d,a024cbb7,a5830085,a5a10292,a320480a,a1014282,a0440707,a44c078b,a1040206
a0a1c1d1,a2a8268d,a1210885,a200828e,a1218cb1,a10bc38e,a6a10388,a6c28498,a40c0032,a220011c,a0484c06,a365c60b
a0e1c808,a0434402,a3208108,a24d0105,a2e0818f,a0014015,a0004c0f,a160830b,a0214c06,a1220020,a0c04d02,a0dfc10e
a0640303,a1e05610,a080c081,a0cf5581,a1c28989,a3e20088,a0a04397,a102c50a,a1a080a1,a0400390,a1a04582,a741418b
a4238982,a0a5ca02,a440c845,a2875781,a764938c,a2008c89,a0861084,a8e44521,a3c1448f,a0010482,a003880d,a160430f
a3c94200,a260c393,a0c0810c,a1005514,a3a00414,a040c28e,a081c4b0,a1264816,a928402d,a0b20483,a0638d88,a1e3849d
a188c081,a0c28f90,a2208203,a08106b3,a0865182,a2ae900a,a0820b83,a0d8c01a,a011c394,a1858291,a14b46ad,a102c024
a240c082,a023c112,a3e0c190,a1c1011e,a2c84602,a04bcf89,a127070c,a0811203,a1850996,a023ce85,a2008a8d,a3010612
a0898200,a4668b35,a5a4830e,a0068894,a0c0060c,a2e14200,a0c1d884,a1c10904,a0274409,a0210084,a0e54d88,a1000601
a1600b0d,a00b871e,a041808b,a0e24f9c,a384c122,a2c1c496,a0e00386,a0e14804,a0288428,a2c04884,a0ea4b03,a0a0a41b
a2020580,a0c40525,a1a1000a,a0814201,a0c54c9c,a543488a,a0e4d1a5,a961c18a,a1850b06,a0a70280,a2e2db89,a0a14087
a068c899,a045c001,a084cc23,a32a0303,a0689e01,a0854095,a00ec400,a0e2d286,a3e49008,a0c2460f,a1834789,a0e6412b
a1844706,a062c012,a504c507,a06b8392,a321c307,a1e44b17,a4d00480,a0424986,a0a0808f,a0e511a2,a14095a8,a080c482
a1004689,a343461a,a6000511,a0a0c98e,a062461a,a0614103,a1210085,a3440080,a4214307,a2004002,a0814916,a0214087
a04aca89,a40a060e,a4e80f83,a0c08486,a0838308,a3640208,a040098b,a0c5838a,a2890b9a,a7024019,a022478a,a7a0849d
a0c41387,a004c300,a3034003,a0420108,a5204109,a1218100,a2ca468e,a4a0818f,a0228329,a0a3800b,a3004380,a0000813
a0620088,a4c30d0d,a0031883,a2008484,a3ca011c,a0630522,a7c2028e,a0004185,a052018a,a1610106,a18640a0,a0c7428f
a0244b8c,a043c307,a0240407,a1e38987,a429c58e,a02a4703,a1294c92,a161cead,a4a04817,a365d09d,a2c045af,a2824402
a0c2c291,a063831b,a3204a10,a6801a10,a260cb80,a2274c02,a2414c8d,a321d684,a0c44a1e,a0695d88,a0c38987,a0a30085
a0620082,a1e04781,a222c804,a9a2000d,a0609510,a0e59108,a3a58202,a0a1840b,a101c036,a0eac906,a0a75382,a0000587
a141028e,a0000104,a1404705,a061c685,a103c293,a360c90e,a2a0042a,a3460405,a0c00312,a0821329,a160840a,a142c988
a1404109,a1a3c78a,a2604447,a320408a,ae690b0e,a042ce39,a0264383,a0868691,a1a38221,a2030a83,a04e1f00,a026c804
a220c01a,a1c01090,a066c413,a141c70d,a0a64699,a1a38081,a6608788,a1805785,a1c1ce0f,a0800786,a0a3ce8c,a2a1003c
a1c00095,a0e6c480,a2c084a1,a045c106,a0209142,a0004284,a2048110,a14d4083,a1220702,a061c000,a244420a,a3431c85
a0e00d21,a3a01c85,a2000402,a025019d,a6458704,a020d3b5,a0a00f18,a4614b8a,a08b440b,a3c60695,a060c49c,a4414481
a14e021e,a0210292,a0618a90,a0630300,a4260096,a0215283,a0b28a81,a0a00982,a060c203,a082823f,a0204f0d,a1a2c0a7
a1448193,a2805a37,a3c0c81c,a2c1c586,a364010d,a0018e81,a0e40525,a0634c12,a4e14409,a380c692,a541cc1b,a42b4e88
a2428201,a0e3c987,a2420007,a140c30f,a0468910,a0600481,a0824217,a1c54399,a2a2020f,a06a4982,a144018a,a3428516
a0a3c181,a0a5c907,a3601ba7,a1648396,a2841881,a0c10093,a0a98511,a100c981,a382008e,a0e1c307,a1044184,a0c34180
a16c458b,a246409d,a0a1c78f,a2238b01,a2250f26,a1e44008,a0800884,a2410202,a0ac4503,a1078311,a16a0100,a2620100
a4620a03,a141900c,a0664081,a1080107,a5464501,a120810d,a000c411,a2e093ab,a080032b,a262cc00,a0070018,a6c00485
a2004c8b,a2f6c180,a0434b8d,a220019b,a2ef488d,a120c08b,a483d600,a0224004,a0400601,a0010d00,a1a40808,a040c740
a005018b,a0230d80,a1248491,a1cdd205,a4c0c78b,a2ce4420,a5809600,a022828d,a0e8c097,a2e40183,a7008483,a203c884
a0820810,a683420e,a0808093,a2a0012b,a0a28983,a168860b,a0a18295,a2a00797,a084469d,a649c10b,a1638103,a1c3099b
a0a34b02,a001148d,a0445801,a3418587,a0c24003,a2448332,aa60438b,a0e40701,a1a2c280,a0438e24,a000ce80,a0410200
a0a3474b,a1210400,a021cb91,a3a6c689,a064db07,a0808203,a0e08219,a3039e02,a1028904,a300c080,a0400182,a0e4c117
a0004b21,a1a48a97,a4818515,a140408a,a9ab4916,a2aa5324,a1e1c000,a1e09885,a1224210,a00e0101,a1644004,a081c285
a2c515b5,a0a6c507,a5009b85,a4870304,a204cf27,a2a1411b,a103452d,a384ca82,a0aac882,a1a30ab6,a3409387,a6c18585
a340e684,a1220a87,a54144a7,a06d8006,a040438f,a04a8e08,a1684283,a3e48386,a021cb80,ad86c00e,a025848e,a0c1488f
a160cb9a,a2a1c602,a1828198,a1218785,a2654393,a0820792,a164c905,a2824499,a0a0460a,a0004001,a1018600,a3c24193
a2240408,a22446ab,a1e84611,aae3018d,a18b9008,a0a20915,a160828e,a440c71a,a1c34004,a1420681,a287c584,a0e24439
a1645a0f,a0814203,a0809084,a0461d03,a0414583,a482068a,a06041a7,a087e315,a86000a1,a360008c,a2a44b97,a0428f8a
a0a0c283,a222c380,a5420112,a1604008,a0204007,a0e1060f,a220cb84,a0004483,a1018320,a2404c15,a1e04103,a0e58983
a0a04d92,a240538c,a0004517,a183c089,a2a04e85,a3c54249,a1890482,a2a20300,a222c185,a7809710,a9c34107,a0a14007
a001c1cc,a027c389,a0614781,a8858386,a0c3430a,a643808c,a061c201,a2a2011b,a3804183,a1208001,a040c004,a1020a83
a2644787,a202c381,a0a10081,a0805010,a0e18588,a1a24382,a2228a81,a242c496,a0809287,a1a1928b,a4a5c68a,a3404081
a0204083,a2cb8100,a3e0d98d,a0838000,a1c0418d,a3270307,a3e1460c,a020c405,a0218281,a1034004,a1e0c001,a0400808
a2a20988,a340010c,a1a18402,a0a2488c,a1840910,a4c48288,a048948d,a4228208,a0840583,a4a54e01,a1268e8e,a1e0071b
a4418691,a0e68283,a280c582,a0c14790,a140ce02,a2a0c493,a2c0840e,a021c505,a0e00498,a54f868a,a1c18586,a1414091
a2a1000f,a123c48f,a060cc88,a6048b86,a1629b09,a0a0868f,a4238300,a2114c0d,a000c1ae,a0a4c79f,a0a0c40f,a7c44710
a3231119,a1e18289,a0220591,a068451c,a2042283,a0434405,a3618a8a,a5014205,a3a0c20d,a1440505,a2215281,a0a08383
a0a54006,a1218f0b,a022c002,a1c6c185,a067462b,a0a20190,a3224583,a0644bb1,a1a94313,a0604302,a3e44104,a0414c82
a2604219,a0200e09,a3e90213,a0838809,a1054d09,a0600094,a320c694,a445c40d,a4410c81,a023908b,a300c30b,aac0c0ba
a08e0e98,a003c492,a5e10b19,a0218013,a163c211,a0820111,a0638482,a10a4405,a6ab4b87,a1000f94,a543420c,a1920005
a200d400,a001c391,a2a44120,a2c00405,a142c08b,a022020f,a34a4385,a5f0c2a0,a1600c0d,a0410b8a,a3204480,a0630680
a1874314,a2650385,a1e41406,a0608b12,a083c40e,a0a142ab,a3e28708,a10b4396,a0258646,a0154516,a0a14400,a2444c08
a0a18903,a1418985,a4435007,a32e418e,a3c1852a,a1a5008d,a2008f80,a023040e,a2a90008,a0615190,a102cf14,a1a18086
a021431f,a0010e0d,a6018024,a021c281,a2604801,a069c10d,a080d48f,a028d08f,a2aa419c,a1028201,a1020606,a6410380
a3200504,a180cf13,a340491b,a023d580,a2044180,a120538b,a0c005a7,a2c1c584,a4020d10,a9e30324,a1e0c221,a2c94097
a180d21b,a2018484,a1e6811e,a0a20580,a1014201,a062cf02,a1430105,a1c14715,a3824796,a0a3d081,a0a742b3,a24046c9
a1e10722,a3a7c004,a3669186,a2c0ca85,a0405687,a0418490,a2654c9b,a0e44d99,a0019a06,a0840227,a0668305,a2a80334
a0820e96,a180818f,a6e1c284,a3414584,a0ea8829,a14082a1,a160ce1b,a7a586a0,a023c684,a0c5c21c,a0608002,a0e2579e
a1e04280,a0805401,a1c1018a,a1814912,a1c005b6,a0a34205,a0c20004,a2438885,a1c158a6,a7424407,a0aa0002,a041072b
a1e74d91,a00a4289,a027c406,a1400219,a202d506,a0a2c1a8,a1424388,a23ac50d,a0c0d805,a30293a7,a0464509,a3815d12
a3a20816,a0208304,a2a0048c,a1408000,a122cbad,a0a3c40b,a4a1d338,a044c285,a0444105,a2214685,a681c102,a060c511
a4a39f80,a2a18715,a1e5cc01,a6e1878f,a24d402d,a2eb8386,a0030483,a1c08313,a203020e,a1a3040c,a0095819,a143c014
a400c68b,a14ad214,a0c80603,a261020e,a5c44e87,a0408284,a2018217,a38b8888,a0c18988,a0b0078d,a1c4530b,a0c1c482
a1aa4001,a0e11a8b,a0800207,a0630285,a384c308,a2810710,a102c195,a149c58a,a0e1c20a,a0018184,a5238181,a0e6cd1f
a0ae4100,a1a00807,a2a40b09,a1c04105,a1205700,a0e0858d,a1a08693,a2404581,a060c93c,a0e70181,a0d5030a,a4e5c79b
a0408a01,a005112c,a1010811,a841d804,a0a2de07,a0e64c04,a2018a00,a200c685,a0420403,a0e4c601,a2029201,a0400080
a021cb1c,a220c284,a069c505,a040428f,a1e1030b,a1c0c700,a2418881,a5220016,a0624281,a0400191,a3b09212,a0c0c301
a1660188,a1480a83,a1400402,a045050e,a0208509,a1008102,a942c708,a0e2c387,a041850d,a001409d,a4020c05,a242c882
a161c04d,a0e3108b,a026039a,a5c1480e,a000c5aa,a480c010,a362d102,a3a0c289,a04cc686,a4204a01,a0a4c390,a04084a5
a2c0400b,a10b9383,a0c1c40e,a121c807,a1818287,a282cf03,a5834200,a0820480,a1a6820b,a2210c8d,a3c089a1,a0628103
a0276485,a1c5c004,a1228383,a0e4008a,a089c180,a32e0385,a069c18a,a140908f,a1408886,a1a34f95,a2804089,a0810188
a0809319,a1618781,a1a00794,a120c10c,a0220201,a161c18d,a106038b,a5224482,a367839c,a1089613,a0034389,a3ae4505
a1ef028d,a4a54b23,a1244112,a2c5001d,a188058e,a2401301,ace50281,a025841d,a160420c,a1014121,a020c30a,a3000082
a2400009,a4e0c60d,a0210103,a640c301,a2a38215,a0e281a0,a042441c,a0a68202,a4018915,a0a4c681,a1a24782,a2208081
a1c2c18d,a146460e,a5218410,a1200987,a0c04100,a045c90d,a163018c,a2050290,a221c206,a0c58586,a226c208,a181a089
a2e20002,a747c400,a08ac80c,a140040c,a0e2c60b,a0ad038d,a04181bb,a0009a80,a0c50816,a0e5c990,a0c38e80,a9800325
a2424491,a421cf0c,a163cc09,a0379304,a0225286,a0610021,a0814092,a2a0830e,a9830a16,a3e1d18c,a0004016,a0200494
a3e2cb87,a0238083,a0800000,a120400a,a064d90b,a1448505,a0804c97,a1c2428a,a6220005,a702c881,a2cb0384,a1450097
a1c48913,a0428d0a,a3ed8305,a381dc9e,a1404797,a0418402,a1c20200,a049428c,a125428b,a0e2c186,a0a04001,a0801285
a0c0854f,a8a04088,a1414b10,a0a28081,a1a0431c,a0478086,a462c021,a060810f,a0028924,a0a2888e,a2004187,a0a04c27
a1414da2,a020810a,a1c008a6,a0034b08,a382c08e,a06140a2,a040c507,a3a64483,a0208b90,a0220e0e,a0614585,a140560b
a0614586,a0630202,a1848803,a0a4451d,a1038015,a0634013,a1668602,a2a04794,a0428580,a0630000,a022c602,a423178d
a1004096,a1e202b2,a00393b3,a6c58f36,a0028c84,a3af81ce,a042929e,a1c0838d,a241d317,a0208d02,a10046a3,a3448b9c
a2e7cd81,a043c48e,a04fc409,a0e38806,a3e30a91,a1238426,a0400280,a0114401,a2228a02,a3e1c00c,a123579b,a0c08b80
a383c501,a0400093,a0280d81,a4008439,a1009080,a3c50390,a08a8503,a10f8201,a10186a0,a0014784,a0e3ddb6,a0678219
a040c718,a449e802,a020c401,a102d88b,a4834633,a0020109,a1a18dae,a209d294,a0250582,a1e60387,a028860b,a08384ad
a1288681,a1c10714,a0204505,a027400e,a0800191,a1000b0a,a4454c8d,a0028f81,a1e10a82,a2004804,a0a1ca19,a0e0900f
a062c683,a0828505,a140c0a8,a300659b,a04a1584,a5498395,a6e0c309,a2764000,a1058286,a0860007,a101090c,a6e0801d
a3e34882,a57fc81c,a128618e,a0610712,a0e14082,a0409184,a1214081,a1aac707,a1a2c383,a5a08988,a266830d,a02111ae
a0428117,a102040b,a063451a,a121828f,a0604301,a481490b,a0858386,a2c10003,a0a24384,a163441a,a120890c,a1015618
a0448e01,a045020c,a0a1c202,a0834700,a400c78b,a3244624,a7e0929c,a101cd1a,a1259d16,a661c288,a2218e86,a6464f84
a0e6c4a2,a1c28214,a0e20084,a3414606,a1205000,a480c101,a3c38b89,a5c2c42f,a2039303,a0828004,a3e1c287,a0a0c139
a2538003,a241c48f,a480c0b2,a725c107,a0a6c127,a4634c16,a0c14e02,a7014704,a0454181,a3b71981,a1800784,a4238119
a28003a6,a0e348a3,a1c1c30a,a0204d80,a0e05f87,a1078501,a007501f,a0ab9080,a062830d,a1830186,a5254811,a3a1961a
a4a1411d,a422ca91,a1cc4087,a0824480,a00046a9,a0008082,a0a34106,a1214109,a12080ad,a1838806,a1030b80,a0401998
a0219185,a0038385,a7828083,a1e8489e,a0610700,a105030d,a4c3c001,a142c994,a2a6c10f,a080803d,a08cca89,a180870c
a0630083,a1c60781,a202c600,a040c802,a1c9020b,a3684810,a0cc4205,a0a04281,a3c28007,a6884082,a18100ba,a1708e88
a4a38a02,a281c312,a022c699,a020c39f,a1219905,a0208180,a1220b06,a022111e,a2a1058c,a1804b01,a06901b8,a2c0c10b
a0630102,a2028308,a288cb00,a0260312,a1284991,a203579e,a0430052,a5e1c981,a1601008,a0615ea9,a4c48002,a0208012
a0018982,a160c202,a023c002,a0088481,a2c48f00,a8230209,a1a0cf88,a3400133,a2c64184,a7c40782,a0200e19,a044008b
a220408d,a1e18521,a27fc0b4,a0a0ce0c,a205861d,a086e610,a285828f,a0484e05,a2831184,a480490a,a0424aa9,a2e3531a
a0618300,a0e78582,a0815305,a0e08691,a6c30982,a2e2460e,a1014d02,a0678485,a0440520,a068cb00,a1208b8c,a0c683a4
a041870e,a5a1cd04,a3211b86,a1c14502,a241058b,a0044213,a0084291,a382d300,a3c2070a,a0c1890d,a5c14004,a1810615
a069c385,a2a95129,a205c3ba,a2c08081,a0024084,a0644098,a0248401,a2281492,a0240534,a061c023,a2628d10,a0024413
a5e3cc09,a1c440b9,a084450a,a4a4ca04,a6245187,a3628906,a0228289,a1404608,a4a00228,a0e3cc86,a140be10,a267c007
a0e08183,a0a10608,a080a025,a4210584,a082800f,a3000660,a040ca88,a08d8787,a1c2481e,a3210993,a142c288,a2a5c886
a424099a,a0a40b8a,a1818393,a0458f8c,a3854582,a4e10c93,a040070a,a0a40f92,a02fc705,a5440a13,a2c68808,a1435019
a3208d0a,a023c993,a0c082cf,a1204205,a9010600,ac8e818d,a4454c83,a0829789,a3600b07,a284841d,a0464b07,a0039402
a0cf448a,a1a24025,a0e04319,a0604283,a224840b,a684810a,a0e11103,a10e4683,a3834394,a0c18b8d,a021458e,a2c45307
a0848b17,a1215186,a2430580,a2210c00,a3a00309,a1c18805,a1a08e21,a3424a20,a0414888,a0610207,a1e20694,a5204881
a1cb038e,a0b0c192,a227838a,a0024587,a0858808,a209498f,a1a31007,a2020d05,a3610382,a0024524,a0e58206,a3e0c8a9
a1a2078d,a000c583,a0e2889c,a1e10229,a0a000a8,a903c287,a0254287,a12e468b,a0400a04,a143898a,a2612202,a0060792
a4850a1d,a1230787,a1c04704,a5008986,a082c007,a020c19a,a2424283,a2014107,a18b400e,a162c804,a1e09289,a1469114
a1610104,a261cda1,a081cc02,a1800f14,a0428187,a101060a,a0204113,a4238b80,a109810a,a1240519,a421cf4b,a1a0c185
a202068a,a0048515,a0200484,a142c10f,a10f0110,a9e0458c,a1420618,a0e10138,a3a0c083,a6a20980,a160000f,a3c20008
a4224c88,a0e115ab,a1848701,a522028a,a020cd0e,a40045a1,a60203a2,a4200e80,a6018181,a045410c,a3c04a15,a5a30481
a2a09301,a542810c,a0645404,a1820484,a06a668c,a1e2168c,a08a0207,a023021b,a0480588,a160870c,aae3c784,a0a0c590
a3a68c11,a0201488,a0a00500,a0a48312,a1e0409f,a524118d,a181408f,a162090a,a2406011,a1c245a7,a2e45389,a0e1a18b
a7024827,a0c28382,a0c24107,a2e48d1a,a2604904,a8228580,a5058e17,a2604a90,a0010004,a5e14500,a144d91b,a480c08e
a0c04429,a023ca09,a0440202,a0610706,a1400304,a0fb8413,a0224689,a0810103,a3420606,a0260087,a1212393,a2250a85
a120a10c,a3435205,a4200107,a0478a8c,a084c200,a241c724,a282451e,a0e04f8e,a1230800,a1038997,a0a65415,a065900f
a0e18c82,a1c4c09a,a401870a,a321408c,a0c0838b,a1a3420a,a221091a,a1030709,a24d4012,a1600a1f,a3600184,a0270a01
a145c485,a0618ca2,a02d0102,a2e28184,a5eb02a5,a2218c0f,a1891354,a0e20500,a6a24184,a6454507,a0860d01,a2000c84
a462880b,a042c81a,a241c1c4,a1024293,a0824114,a2e4c200,a042d52c,a1e0d709,a2204102,a0c64101,a0e1023a,a0c9c001
a180400e,a0c08012,a105081f,a081169c,a0c3c20b,a5a3df0d,a0401291,a0245684,a0466d8c,a9e35205,a0218b32,a0c30e01
a200c0ab,a1c0c395,a2e14228,a140c70b,a240c617,a1a1c713,a241d380,a0e1a00d,a1024533,a588c61c,a0a3c305,a0a38493
a0a1ca8f,a022c409,a0e28814,a0644213,a088418a,a1c04500,a0c1d211,a5014007,a229828e,a1014785,a003829c,a1298fc3
a1028412,a4838991,a0008f81,a566028a,a4a00994,a0c28005,a2e2c709,a0c28220,a1000496,a10100a8,a0608c80,a0438a8a
a4684706,a2200787,a000c017,a1239298,a122518f,a2424118,a2a08509,a180020a,a4e0c030,a0240128,a7a98882,a000c50b
a0a10313,a382c003,a0830704,a04e4601,a4e14004,a001c209,a5c0c687,a2814518,a021c786,a0034707,a0669008,a184c817
ab06c0a6,a061ce02,a0e2e190,a060c403,a1600587,a0400e85,a0ecc28e,a101c200,a1a184a3,a3608799,a9048783,a2a18c09
a2c00e0f,a2e10400,a0c48308,a0c34540,a5434001,a1834593,a0224016,a0e086a5,a360008d,a0459d82,a3438a87,a046068b
a124d108,a187c18e,a1e1518e,a1e2802f,a0e04004,a0838d11,a5a2c181,a2400104,a202c1a8,a087c483,a6434781,a0870109
a2e00214,a221801a,a062400d,a0804e82,a046c382,a2a98096,a1460604,a1a48395,a3c3c014,a00600a0,a0099015,a00c83c5
a0890681,a0824286,a2e0d7ac,a302c010,a3424281,a1e08208,a8238784,a104010c,a1418f11,a060c608,a242021e,a1c05c80
a080d116,a0c18990,a040230b,a1e1c092,a1a08182,a1834d9a,a065068c,a0400481,a0210105,a285110d,a181038c,a1204217
a0e34308,a48bc515,a022028d,a0204583,a6a20791,a0060093,a0a0d310,a0a18b2c,a3244011,a1a24704,a1844895,a2878386
a1abce01,a0a24481,a584c604,a3a80404,a040419e,a0220291,a1528709,a341c50a,a040c583,a1c10513,a042c380,a0020211
a1a385a2,a0408514,a20147a9,a10d8501,a0204391,a2a7c98f,a0a50582,a1a0450f,a160910b,a1044291,a0464425,a021c002
a1c0800d,a0a34a85,a46cc189,a1038298,a123c292,a0c0831c,a1e15013,a1e10017,a28246a5,a2024110,a0a25583,a5b14a85
a3e30104,a0a2c899,a040430f,a4220ebd,a689c104,a3e04101,a6c3108f,a0624d83,a0250106,a40b9481,a185c30a,a046428e
a2a0c789,a0a5431c,a0a0c889,a0078e88,a0cdc189,a0091428,a1a1c109,a041418b,a020c780,a1e08122,a1e79384,a1434012
a081c68f,a0284783,a068c295,a2c8c073,a33a5587,a0c09492,a2480181,a100cb08,a0a68a02,a2414390,a240420f,a3eb0a91
a06c008c,a1200005,a0414812,a10b43b5,a0090b07,a0c48f0e,a0a00418,a0240f02,a00b823a,a1644387,a180050e,a2a35287
a12002a1,a2a4c796,a0634093,a2c1cef7,a002819d,a203440c,a2a10b12,a2418d0c,a0a18013,a040178a,a0428092,a5010201
a161ca08,a3400602,a1238008,a0808182,a4018d0d,a000ef81,a082004a,a1e2d596,a340878e,a081082a,a2814c09,a267d68e
a1c38f16,a0400288,a32a1087,a20392a4,a2a44414,a066c3af,a0260482,a004040a,a460159b,a0470001,a1460205,a142c007
a0ed8c88,a0a00100,a0a1c102,a04a831a,a5028495,a1c68293,a1228105,a027ca22,a100cd81,a0844107,a0c4c71b,a3c04100
a0c00c05,a3e08689,a0000186,a3804403,a0809995,a0610180,a0c18f01,a08b5905,a1894300,a0c3caba,a124dc8d,a1a0ceae
a024c702,a624510b,a2adc003,a2ccc420,a2024d13,a222c1b1,a1664102,a48b0692,a1040c07,a0eb850e,a121c398,a0e0820e
a1e08007,a160cdb0,a2e04193,a2408483,a1014503,a120829b,a000ca8d,a183830d,a0a5c283,a0a00184,a1c00283,a1a2050a
a0c34284,a084058d,a0c5d305,a2e1031f,a3244192,a0c14404,a10303b6,a220c588,a1014005,a680c189,a38d4d33,a1e14210
a042c101,a1a64880,a00b0b17,a345c288,a047080b,a1408000,a06a0b02,a0258486,a0e6c093,a280d40f,a000458a,a640c604
a060490d,a2610391,a0604386,a184020a,a0600587,a0ea868f,a041cd0a,a00b801a,a1248d01,a501ce93,a5a4c180,a1a6c604
a6424b9a,a0270695,aa634b07,a202c39d,a1234602,a1825003,a00c8107,a1c14010,a2a54208,a042010b,a0468782,a18a450d
a081448e,a0418781,a0410189,a1738a3a,a0240883,a1288523,a023868d,a0c18393,a0c0939a,a764c089,a0a5805a,a2a24009
a0c20183,a0c10819,a184c825,a2c80285,a1028522,a0444d99,a6a48e08,a421c404,a0a64199,a04185b5,a0841823,a5e18206
a425d101,a029c180,a080468f,a0859b0b,a0238017,a382820f,a2a04cb7,a022ca8b,a0c08020,a4c18402,a1a04b36,a2404480
a06f0025,a0408000,a0e8831d,a585a984,a020c101,aa811490,a2a8409d,a1c682d9,a1414984,a060870d,a069c387,a0c28626
a1c10618,a425c319,a1a38207,a3c3078a,a2424693,a003430b,aa42c493,a0010485,a3e04282,a065800b,a1255402,a0021187
a1830717,a062008e,a100830b,a3e3c9a7,a3200a1c,a0a21a90,a08044a6,a0830302,a3604511,a147c684,a0c3480c,a4e6c298
a128408c,a0604614,a621c102,a3e1c402,a320ca8b,a1a08903,ae440192,a10506a2,a0c39326,a3a78d03,a1034319,a1e5650c
a282c104,a4600389,a2c50806,a2488394,a124c700,a5e14283,a1c04601,a6030180,a1674792,a162ce98,a0020023,a0204613
a0e0c085,a0a5478a,a0840680,a0e20203,a2cb888b,a067448b,a147d480,a3001418,a380c086,a1ac880d,a144d029,a2f34a06
a2800088,a5800c06,a2000c09,a0c1c509,a080cb02,a2c04008,a1e40381,a2250910,a0600181,a0a0c488,a0804307,a0e64f90
a0074389,a3834408,a1018080,a0aa5106,a0244611,a02101c0,a1001a84,a06e0611,a1224da8,a040d9a3,a00385a6,a062072e
a0c48004,a1c28f09,a4e0c483,a5e0408c,a3a04980,a08b4314,a0444001,a1c28987,a1e54d8b,a4600304,a1a00299,a3c24500
a140ce01,a001a182,a1c3c097,a024d203,a8430129,a503cf82,a0e4c387,a3c10285,a0020381,a189c6a1,a1234287,a183010d
a340ad81,a1e08d86,a380c187,a2204018,a0a25001,a0c34185,a1648392,a341051d,a1ab450f,a0e4440a,a1414507,a1604288
a0e14906,a4018287,a0e18089,a362858d,a0e0050e,a1cd4097,a0418302,a0ebc785,a0000683,a1a08007,a4050b81,a1ac8d2e
a2a30d12,a2604712,a2408ea5,a0a0460e,a026ce9d,a08c0083,a1c6cc92,a189c801,a0000396,a0030197,a240411a,a2278200
a1495f06,a1e94109,a2a11303,a0605388,a781449f,a0a9c30b,a0e15594,a4a10d8c,a2644005,a4c28107,a0224382,a168c596
a0028910,a4a10012,a1800312,a261c6cb,a1645403,a2e4c11f,a2230887,a66247ad,a024c000,a0a06b0d,a1410f28,a4c10590
a102050c,a2404613,a44f410d,a0c2460d,a2000123,a0a70106,a069c141,a1a98083,a2a194a1,a0c99112,a141c09a,a124d300
ab474a84,a1084108,a00ec21c,a0254d28,a0808c04,a3800101,a0a0c49f,a0e1438f,a32e5112,a203c491,a3c29116,a4414425
a022c501,a1a1d389,a0aa828c,a1800383,afe70284,a0a08919,a0a14500,a0a0c18c,a040c019,a0c18091,a0c34009,a7c14488
a00c4297,a0ab0a3c,a529483f,a0c2c480,a3224483,a4a14400,a1208810,a04dc2bf,a0430290,a1e3040e,a1e5808d,a063c080
a0008312,a0e3c987,a6204031,a1c154aa,a043ca02,a003c581,a0620147,a00045a0,adc18e9c,a6630001,a0e90385,a2218287
a5004290,a2060783,a0030499,a8ebc000,a1644903,a5430e8f,a3814114,a1614e86,a0a543ac,a0614206,a3a10687,a180c410
a101c487,a2e0000a,a2048205,a0c50388,a0a1cb9c,a0245887,a0678d06,a2830208,a0254205,a0a40086,a181421a,a6eb41a2
a408158d,a1810402,a08108b0,a088440a,a3614301,a0271586,a3686381,a5c40181,a3e8d898,a0874687,a1a180a8,a103012b
a120029c,a061cb8f,a6628cb9,a329cd04,a1c18394,a0e7041a,a2821001,a1c24506,a0a44b00,a340401f,a240448e,a0604300
a1610209,a4c1118c,a1265a09,a143c00d,a6601507,a0800c93,a0804c09,a0225185,a0000185,a0c6800a,a2210616,a0688283
a0218583,a4658d18,a4200607,a5444286,a0ab4b0c,a0420189,a0004d04,a020c407,a101839a,a221dc0e,a08141b7,a1020303
a0a10012,a0014286,a1a0430a,a2e30212,a543c61f,a0c0818a,a3214003,a180c184,a2408283,a0674402,a1608403,a6c4858c
a000898a,a1c18708,a040ce96,a1c2c001,a0a6479f,a1c1c90a,a0c6c51c,a083810d,a0614010,a2840b08,a3ea4197,a182c20e
a5a4811d,a0478fab,a6c0010b,a085000a,a6eb4e23,a0e55908,a06388a9,a40604a1,a0eb8a81,a3a04183,a1434c12,a0a2418a
a0c44305,a16a0549,a125c001,a1c10f8b,a100c91c,a5260604,a020030a,a120168e,a003c701,a2a30309,a3a01684,a264c807
a68200b8,a602dd83,a2008405,a046ca00,a4018284,a1208980,a1858603,a1221e8a,a0c10401,a1208b87,a1c00004,a0c48f0a
a0e10483,a3c09e03,a2c10005,a002c015,a0424787,a1808506,a0008382,a0681586,a082c210,a6414189,a144ca11,a0250189
a589c434,a2a2c009,a002410e,a0004824,a0028196,a081c501,a0460485,a22c030f,a4c2481b,a1c20687,a0615015,a0010201
a0c00106,a0a0c223,a2c58d0b,a2424a08,a0610200,a3a0408e,a640c298,a1608312,a0060299,a021c108,a3408483,a2294807
a0204b89,a0828006,a3c28401,a083c11a,a3601501,a2a40686,a0a08003,a3604683,a260c685,a041088c,a0244a1b,a1654407
a3a28c04,a0618706,a1a24596,a1a00383,a1e6c487,a180e085,a0e88f9c,a1038088,a2210f10,a02b46ab,a0a1049b,aea14e8d
a143c202,a0c68586,a2c08284,a2c58b0e,a3c68583,a1418e03,a2414c0f,a400400f,a080018f,a1064887,a102428f,a0020d08
a029438d,a0e48086,a0e2458f,a2e3040b,a4078202,a000819c,a0440b01,a181890e,a0c00681,a081828b,a1c3ca05,a0e74885
a042410d,a080448b,a240c40a,a2210787,a5a70885,a2414494,a0011700,a441c496,a2088921,a0208183,a1609404,a1c30081
a1210086,a220c709,a023408a,a2e54701,a0435885,a3a4000b,a243ca97,a1a20c91,a1610686,a2000108,a0130909,a38d070b
a2000e18,a0c20809,a3c14881,a1604814,a1a10c00,a1e0908c,a5844091,a4a08e99,a0424c82,a0640500,a12a8199,a0610503
a1444402,a1400c10,a0e003a2,a0824586,a0c52c8d,a0840b89,aa85830e,a0000619,a3242501,a283c382,a0610220,a3200319
a5a0401c,a6014f02,a149471c,a2c04110,a0a94582,a0420c83,a0c69404,a0078190,a361081e,a7aa8712,a025038d,a2438196
a222050f,a361010d,a007c584,a9e50083,a34a428f,a1e54119,a323c50f,a0628d11,a320c081,a0001586,a200808c,a5268601
a020d085,a16d4eab,a0608188,a1a15003,a0030230,a4860180,a4f248ad,a0200607,a2058290,a3204d1f,a3870082,a745d084
a182810f,a100418f,a5815481,a001840a,a3204408,a4e21a01,a880c5c4,a544c18d,a1a04002,a4e54106,a0c04211,a0204d29
a0008706,a4400900,a28bc407,a0854700,a023898c,a0804808,a4c00193,a1518427,a0e2848c,a2255100,a062801b,a0648102
a2c1c884,a0400082,a1a58203,a082800a,a4c1c608,a0c38aaa,a1c1420b,a00a5f9a,a5618206,a1024d8a,a0a20d99,a560c480
a30a8808,a1e00200,a048c609,a4448f9d,a0030093,a381029c,a060051c,a0418206,a1a10e02,a2e2c225,a50b8707,a2a4558a
a324cc12,a4e2dd2e,a223cd10,a1024950,a249439c,a0a20782,a3814585,a1a20402,a1e0d030,a0200f84,a2628988,a36149ab
a201c004,a0a00a84,a423c100,a0e4db01,a1e40401,a0a0048c,a360c184,a6e2c10f,a20840ef,a5e24780,a5474304,a0814a01
a3240093,a005028e,a1618889,a0734481,a180ce0f,a112418a,a4051581,a181020a,a7c9410f,a2c20c20,a5e30509,a0048682
a120cf6c,a2c04430,a220850d,a1020c01,a1858007,a0c3481a,a2644b8f,a4c1c18b,a020d603,a281450f,a022c286,a060c818
a6008c83,a02280b2,a3438392,a1c74718,a020c115,a2624292,a0888501,a1200286,a3e10b83,a0e00881,a2255a17,a002c18f
a0409996,a4608686,a0664580,a044c49e,a2000f21,a028d08a,a048d486,a0428495,a0ee80a8,a0610eb0,a1038301,a04a88a1
a0818481,a0624016,a1c14704,a6834081,a1ac4101,a0048110,a0614307,a3610027,a1a0c883,a1228910,a0800781,a0a7828d
a1200480,a24b02a4,a126088a,a4200c82,a024808c,a1870308,a1288001,a0624222,a023c406,a045960f,a0c31108,a2805015
a1000b0a,a1a0061d,a0a41636,a0e28092,a4ec0281,a1854082,a0c14514,a160c082,a0a3410a,a146dd16,a0840808,a04301a3
a0616084,a083c400,a0840705,a049a220,a0e3ccbf,a3c04702,a0a14100,a1c1442d,a4e18284,a2a1c600,a1850740,a1630498
a081822c,a8814699,a8e00383,a0818000,a101c600,a082c50c,a4a00508,a0cb812c,a0a287b7,a22c8580,a0204d92,a080438a
a3ac870b,a3e2030b,a041c986,a0808732,a0430115,a6e08783,a0658e80,a0e3022a,a0214280,a3a24305,a1804307,a4a24d02
a081cb81,a1200000,a0a40503,a1e74686,a1cac30b,a4064a8f,a0254089,a3a5488e,a242408a,a3018c08,a0030e97,a0ea8706
a202811a,a2000389,a2838909,a143008c,a4230709,a20a4085,a3850a8c,a1a34791,a1ef800f,a2a14607,a0238914,a060430a
a2874202,a0a0c48a,a022ce08,a3421884,a4800588,a1ac0600,a1a6408a,a1a5810a,a120128d,a0474006,a3030002,a0e30b05
a685c714,a1004306,a360c40b,a984c192,a0295a81,a0654902,a080cd17,a0650208,a3034280,a0e48327,a0e24283,a0a0c397
a000410a,a1c05109,a28281a5,a0658216,a0058f85,a4018984,a2808501,a0e88408,a309410f,a06a0401,a2418e89,a1c1c40b
a161c20b,a1028704,a4259391,a0224384,a1c14205,a045c18f,a089c022,a0420084,a0e88800,a1a04645,a0024285,a103488e
a0e88109,a4208181,a244418e,a5828003,a1488305,a1294e0a,a0010180,a0e0c802,a1a00192,a228c28c,a0a1d490,a2a08105
a142858e,a0238383,a0024287,a0e80600,a026c981,a343c988,a1044198,a3424082,a1868108,a1814385,a3204180,a140c005
a3438706,a5c30413,a0028a8c,a0204426,a0a1430b,a042cf12,a025878a,a1af4093,a682089c,a4c04d01,a12b050c,a0c04a80
a005c106,a0c58006,a00144b4,a0a25c01,a226c133,a1810986,a007c28c,a2030525,a00185bb,a4228529,a04142a0,a6014081
a040c106,a2034a92,a0249790,a0c5cf03,a763c30e,a1a14023,a261c303,a120008f,a3cb401b,a1e70420,a0070812,a1624088
a0200286,a1280385,a1e606a5,a0a10805,a2a24605,a060ca0d,a081d885,a0814705,a16017b4,a042c2a4,a5a04688,a1e28100
a061c42c,a160830e,a6e24223,a8680f0e,a3004317,a0288118,a0600807,a9248980,a7a9828a,a26b8005,a0c30484,a243d087
a0858080,a1c2c583,a0804923,a26844a2,a1e34082,a1401202,a2e1879f,a1034508,a200ca11,a1618306,a3810985,a2a38186
a0a1e181,a1288502,a0a3c587,a1a55001,a0630581,a0c14283,a7e50616,a2408204,a327c903,a2e0c4b8,a1a24c8f,a1808393
a1a0cd87,a1e2191e,a00201a2,a0490085,a084cb8d,a121029a,a107c40a,a0a5801c,a0a05c02,a068861a,a0e38291,a331083c
a3e78026,a2e80e95,a0a13298,a64cc580,a061458e,a8c2c73c,a2208009,a141880a,a0039305,a1428b81,a22b0487,a4608f84
a066028b,a3218505,a2e14403,a0a1c903,a2c10704,a3811e85,a2274186,a0800782,a1400193,a140088f,a080018e,a05507a1
a10b410b,a1e8c200,a283860a,a1cbd490,a1c6c28c,a066c002,a4018a09,a100a382,a0504e2b,a280031d,a1e18284,a16d0404
a001c41e,a0024484,a3240222,a041838a,a5010097,a2821382,a362c106,a123c006,a0400108,a349464d,a7648385,a7630507
a1874482,a70f0b99,a0f1c200,a1c8840c,a0e09113,a1e34390,a2a44004,a0c0408b,a72b0a06,a5460306,a0e0c904,a5210012
a0234911,a0414c8e,a0240580,a241408e,a5a28c03,a3c188a9,a1868182,a1a4828b,a06d029a,a0a04111,a0800084,a5a3c304
a2a18a13,a5618381,a7850284,a5e2c192,a0810717,a160c88f,a2214380,a004c209,a0e8858d,a1a24385,a1250399,a2604580
a005009f,a18044a0,a163019e,a0858087,a062c483,a3e6c399,a2e60a0c,a0c28701,a220c080,a1e5c002,a240c601,a4014c89
a0e28000,a247c5a1,a065d322,a0c00002,a1818784,a3010404,a6200480,a5c38308,a1a28208,a2cdc68e,a8039183,a1e3080f
a185018a,a0620b0f,a0404e94,a1c0c08d,a2208e97,af000111,a0e441cb,a06b0106,afe1c807,a1484418,a041c486,a4038205
a0420607,a3c24e05,a542011a,a4614699,a6a04726,a28dc7ad,a165100f,a10e0082,a082870b,a1260017,a02bd906,a1408484
a0ec9407,a3824251,a0828b92,a102c785,a4218081,a0618105,a12986a0,a0a3d382,a4028292,a2448590,a1124111,a121c090
a187d0be,a1204619,a2008084,a0e05121,a4c0040b,a2e8cf05,a0a1c605,a0098113,a340db07,a1664305,a0a4c603,a0000683
a0220e02,a2000b1c,a361479b,a006f41e,a042ca80,a164ce86,a0138084,a2604404,a8c08403,a0e102af,a4658b81,a0028689
a4038483,a3864820,a2438d8d,a0a24f01,a061418e,a063111a,a1224803,a0628209,a962c48b,a18287b6,a362c0bb,a121c701
a2858404,a1e69105,a122c40b,a863038e,a2415005,a1024d90,a2848180,a1638489,a0258205,a2c14607,a3270107,a0654280
a0214810,a1240c05,a0204084,a5678603,a1038288,a2808032,a0e308bd,a100cd18,a0698c0b,a0e2cb08,a1044486,a4230082
a1a2c38a,a18084a8,a0804606,a4c3c501,a898d689,a1a40292,a0400d93,a6414889,a1e94309,a2a5c484,a12b8624,a340c003
a1044304,a1454c9e,a0224705,a2430185,a562c00c,a2408287,a000468e,a1208212,a0c30705,a2e987b4,a104009e,a141d502
a0214303,a2220210,a3c8810a,a1a20c11,a119ca01,a0008207,a4c14488,a043058e,a2640184,a0218089,a3c08e01,a0edc083
a083810b,a108422b,a4c0019a,a1a00207,a0400506,a0834385,a24a5004,a0a30086,a1620411,a1400505,a0220401,a2654204
a0004001,a062421c,a1030084,a0010513,a1a20180,a3a14904,a1c14c10,a1624112,a0c04602,a021839d,a362c184,a22c4280
a323c0b1,a1a08205,a5a00282,a4e00002,a004488b,a060c30d,a1000500,a02a8050,a1cd420a,a1238b88,a1810522,a0a04c9b
a060d019,a0628587,a2835605,a3eb800c,a0e0470e,a0c00383,a0228780,a1a08304,a04441a3,a147450c,a2010984,a1200201
a1424985,a2e10209,a4074198,a4684302,a0a34192,a1e24f8a,a02081e0,a0e2802c,a0a00505,a246858e,a207059f,a340829d
a0610314,a163401e,a2010505,a2e00306,a1224080,a6240d08,a0027f84,a6005a8f,a3e54686,a1808d8a,a2c00081,a2600b82
a0e24093,a0a3028f,a02a4106,a0621114,a286c983,a1000205,a061c30d,a3a3839a,a3068781,a080c900,a2404518,a2818004
a0aa8587,a0a64215,a0c9c711,a0a00a02,a1624a00,a0c1838c,a081cf0d,a0404207,a065c201,a241808d,a1000318,a1a34da2
a5268011,a0010805,a1608008,a0800883,a0258001,a1614085,a460c78c,a285428f,a4048443,a065dd67,a3ce0201,a482868a
a10bdc0a,a200c088,a0a34000,a0a0d2a9,a185830c,a0020586,a0034e84,a001c217,a0a4451f,a0008b0c,a3408e95,a3a24123
a3c8c017,a082098c,a1430913,a1040491,a0608a09,a0838806,a0e2898a,a2e38207,a6a3c28d,a120411a,a0208182,a1e28014
a0488226,a5804c8c,a2218000,a0204782,a0e44396,a7408712,a204c881,a5804d03,a5410188,a2064286,a1c20018,a022010c
a7258483,a1260386,a08009a1,a1a1c68c,a427c226,a044c202,a1828909,a1400315,a2e00387,a064c489,a2c9cc85,a2a1419e
a06393a6,a0e28e09,a0e10137,a122c225,a1a78300,a2044003,a1e09487,a0c0829d,a5e14b88,a080c482,a260c200,a86c0300
a0000607,a0c0d60c,a020d005,a0000696,a08b048b,a4a64c80,a26a06a4,a2854387,a3a6c987,a142c88d,a0a74d81,a0a7878a
a0608e8a,a0aac304,a1898210,a1c28381,a021070e,a1848c91,a2251c90,a185c395,a3004095,a2e0da8c,a4e54309,a282ce01
a423c32f,a0430903,a525c39f,a0a9048d,a1024084,a021061f,a08b8293,a0404590,a1638414,a0635307,a0aa8097,a0400005
a0678805,a1868053,a0d05823,a288c580,a001808d,a1640c08,a065c781,a1204009,a2641289,a3015316,a0824680,a340451c
a42b5110,a3654285,a3058395,a0c1cc87,a0204481,a0820db5,a6424441,a0c017a1,a0014293,a0820304,a1a04102,a4a24487
a2418382,a001ca02,a102cb83,a1a24289,a2258881,a002c508,a0648124,a540c31f,a060428b,a0005304,a1208a95,a1e68282
a0e1071a,a2e0c194,a360cd05,a58a0082,a2a0c506,a6e0c803,a181c118,a0440897,a184170c,aa81850d,a0414100,a0660689
a2a1558f,a0c1809d,a361cb83,a1c7c814,a024c38a,a3c1d388,a360001b,a360c58a,a0cbc082,a209c515,a202c704,a2068004
a0680403,a4c04aa4,a0010110,a0890604,a6038b84,a221d92f,a4424f08,a4044b2a,a2089a01,a0415602,a082c286,a0a2c03b
a1235f83,a04a0499,a48a4594,a000cb2e,a2804980,a9664985,a5054e09,a3e12a10,a1a40103,a0008082,a1844126,a401422b
a04702a2,a6294405,a000120b,a282410b,a1c0c99b,a0c0020d,a040c083,a02705ae,a0420910,a1204498,a3028fb0,a1e0ca85
a008888a,a046c28a,a0679f00,a0c1038d,a1b0c810,a341ca82,a1eb478a,a160408e,a0600809,a1630a01,a020c704,a1a64302
a2e48695,a0819207,a200808d,a0824016,a122cb0b,a220c493,a2414104,a0410009,a4a7438e,a0a08686,a0814984,a1a4040e
a0e1010b,a22ed907,a0c28380,a882048d,a1c18006,a2c4d298,a077c187,a044458e,a024c915,a060d292,a5840110,a2c2008c
a4a0c7ac,a4420223,a1830111,a281c180,a0a2c287,a0c10007,a2a0c08f,a1c21d84,a2240397,a2620714,a0800587,a0a0c596
a0400909,a0eaee83,a3630308,a0480683,a0030083,a703c2bc,a081c703,a1a0c38c,a281019d,a00160bf,a1c1cb95,a326828c
a1ccc6bd,a2234207,a3875b83,a0810e05,a261048b,a0a2000f,a0244202,a1c2c083,a0438200,a121c60f,a063860c,a1e4c785
a3a08e9b,a76044a9,a2a34200,a2238302,a3c0078e,a0c506a5,a0874200,a0205004,a008c5ab,a0424207,a1220a0d,a123019e
a08442d0,a0614d03,a323840e,a1814784,a0a0829c,a104c1a0,a0020393,a0460185,a240418a,a08a860c,a0210c08,a3425c05
a3a1c290,a3608090,a0a0c11a,a8a0408b,a021868a,a185c11a,a2a0808c,a1e3c709,a08003d0,a2289187,a0c7048b,a5e10586
a0c1818d,a3c71a03,a0048606,a2034b02,a1204495,a4204d01,a1200004,a1434486,a2804009,a2884d04,a143c589,a2e24684
a0631012,a121c909,a161481e,a0e04183,a0685e9a,a1414a0c,a040010a,a1024208,a1850b0e,a080d587,a1870323,a3444594
a0c58e0e,a2408507,a200408f,a002d596,a0e0c317,a06a8422,a0810709,a2c00113,a02493a7,a2e1cb0b,a0a6c480,a2608207
a1611a1c,a5a14b84,a0e04783,a021c49f,a2680a80,a3e50a80,a56fc092,a0834394,a2804125,a0018a9d,a0414100,a000c187
a040410f,a2820bc4,a4c38209,a284c980,a0604480,a0ad830b,a0e38382,a04390a0,a040000a,a083c00d,a220c20a,a0c38193
a0a1c09e,a82a4294,a023000a,a0610121,a0a2408f,a1aa870a,a0619390,a140c42a,a3600010,a387800f,a3e1c704,a2234282
a2068f0d,a1c5149e,a0668480,a0840b89,a282c589,a0654513,a1480005,a1d4049c,a1600415,a0438a02,a183c204,a18bc498
a2c047cf,a142c68f,a0011786,a0a78886,a2a15888,a5238481,a02c0f9f,a101c8a0,a1e4048a,a12d0383,a0208680,a061d011
a0c5cd82,a1800e07,a1c30d8a,a023049c,a008d686,a1624b07,a4024681,a22d91a5,a102410f,a3c04008,a1c1ca81,a2850184
a2e0448e,a0a04b29,a1058b98,a0010095,a0a50092,a282c204,a4c24a98,a1824580,a0a00815,a0009480,a0201209,a201800d
a3e28c09,a0859105,a0c10101,a0a2e08d,a0c34d82,a0850703,a4a8831d,a5848b94,a0e3cc18,a500070d,a0430082,a0814580
a000410a,a2e30985,a444d602,a1a0c903,a680c501,a02a428a,a041010a,a0860080,a4c0ce90,a103040c,a063d193,a0e70707
a1804125,a0a7c20c,a043c38b,a1c50288,a0e9d83e,a2c2c202,a1a10289,a0500c84,a0c0410b,a0a0d204,a2c00396,a0c44003
a300468e,a1244427,a0044382,a6014886,a0a3c202,a1c00482,a0a0d203,a4a49190,a0000880,a1220f04,a3a4059e,a0288781
a0610695,a020c807,a1a28e87,a2a1040c,a1e28f06,a0a40284,a3628283,a420011a,a1a64b87,a1a4c097,a1214f1f,a1ee871c
a1e38215,a0a04b91,a0a3c104,a024c51f,a024dd21,a3c20a00,a122da82,a0420281,a363878d,a167038d,a0844403,a3028107
a462809b,a1e2c802,a6e38690,a580028e,a223c200,a041ce96,a0e19290,a1280895,a0420513,a2478c0c,a0c1469c,a2404780
a183ce04,a0ca448a,a0a00094,a1010280,a6450399,a1444986,a205c281,a101441b,a0c2c509,a0a3c40b,a0478802,a004c080
a208558e,a64a558e,a180440c,a301120a,a3c44733,a2058306,a1034699,a1624100,a024490b,a3474193,a2e30689,a04144a1
a0800a07,a0058200,a589019b,a241418b,a121cc99,a3821799,a0e0cf84,a0c75096,a606aa0b,a085420f,a0020501,a3420322
a3624185,a0864d0d,a2c00305,a2e14a09,a2e39103,a3608310,a5271086,a160c884,a9c28f05,a0000f01,a3048304,a142c28c
a303420f,a0004213,a7498285,a0a54287,ae034183,a1a7c08f,a3658114,a2634c09,a4600109,a0c4828b,a0e08101,a2410390
a1c24082,a1800304,a1020007,a0e6c010,a242818f,a0028807,a00e0001,a4864213,a1454d83,a040c308,a1408000,a1278a10
a361c887,a1a0c513,a2a30988,a2278488,a58300a6,a266cf87,a9c10a0d,a16a8528,a0c0c487,a0405982,a141c785,a1a14310
a2029093,a201030e,a26086a9,a0600286,a0650a1a,a1e0400c,a140400b,a16b8b92,a04b4306,a2a80312,a0a2420d,a0074813
a0c2088d,a1838188,a4221286,a0ac8006,a0284102,a0840401,a209c70b,a461419c,a480c10a,a3a18885,a0644085,a06a4085
a202018e,a1034781,a0034504,a2a08491,a0694b82,a104c017,a0024018,a4a1c1ae,a025cf03,a4688292,a181400b,a024c00d
a0c64110,a2221208,a0614786,a1c4cb8e,a022c693,a1254309,a3200180,a0638313,a1235689,a322c198,a2244105,a53049c4
a0e88191,a125cc91,a163ca89,a1608b8a,a3c38109,a1430c82,a0038c05,a0018d06,a0a2068d,a1e4cda5,a1c34014,a2634680
a063058d,a3614a12,a0c4c204,a3c08e02,a144102c,a2c00482,a2600f82,a180cc84,a0030581,a003800a,a0214212,a2e08180
a1644503,a4098706,a2c08687,a027c88c,a0408417,a044839b,a2430582,a2415e10,a0288c85,a103c016,a1410116,a3a04083
a0c0d1b6,a1261906,a1260588,a4a08020,a3e2c883,a0431190,a3418180,a0258002,a0a54b04,a000410e,a122c804,a4434420
a1c3c2d0,a0084304,a0a4448c,a000c481,a366c419,a0235e06,a2844b80,a0024305,a0ed51b1,a3e30c81,a2014689,a7230a20
a261cccf,a260cb0c,a045c285,a0e0c484,a1c2068b,a001428a,a54f40a6,a0c08809,a0e000a1,a0600d82,a029030f,a0a9c699
a1a20309,a5000187,a1234202,a1e99589,a1a1810c,a3c00b8c,a165801c,a0e24d84,a1c14009,a1c6d2a3,a1e1c60c,a2a10686
a242980a,a2208980,a0a10482,a0439405,a1204881,a0018287,a2650000,a4a30706,a1208282,a161838a,a040cc28,a243480a
a304c401,a0aa0102,a4214f09,a1e1500b,a160c99c,a281c904,a0424c91,a102c60f,a1e28296,a2804788,a1658306,a0448886
a2a31a04,a025010a,a481c185,a360c901,a0230a33,a0440807,a6a10581,a0a48405,a1418c82,a4a0c785,a1440fab,a0004583
a121c005,a0220201,a121c425,a4a9908a,a0414301,a041d00e,a0e04104,a0000f1a,a202c58d,a282842e,a4028106,a3e14581
a0c4c10e,a342460f,a2644008,a0208803,a081028e,a0430009,a024c906,a0c58605,a163c236,a306108f,a0224106,a160c71a
a1a34286,a1214588,a18c0000,a1014701,a1620116,a222ca0d,a0000912,a0a28200,a0c30316,a0674906,a060c482,a320c39c
a0830b08,a308c400,a242468b,a130c30b,a0758a86,a4e1040b,a32287b3,a0671682,a2044187,a04040a0,a3044285,a6a00305
a0268203,a0a406a4,a0408b8e,a001c4a0,a0c1c4a4,a143418c,a20a110d,a2468007,a003011c,a500c599,a2a000a4,a0c0c28d
a1208d80,a0e04d01,a6e00218,a2679184,a1acc609,a5640205,a0410006,a10208a0,a1c00b19,a3a38e8f,a0600318,a1420083
a6674582,a0438096,a1211d86,a3a58518,a1230180,a025c187,a125cea0,a5c9c205,a000c007,a100cd00,a6c75201,a0e242a2
a163008f,a400000c,a0e0c008,a3668080,a1524009,a0c8cf83,a0032283,a0800109,a580c6a3,a1a8440d,a0200f96,a2451101
a050841b,a0228602,a204c486,a0c38913,a0c01892,a0604496,a0214591,a0034305,a302001f,a3e08718,a42104a2,a021850a
a1a04d80,a160479b,a2c04201,a0c0829b,a160129c,a1218004,a0014b04,a0644400,a1b5039b,a044c315,a00090a8,a0600e88
a5080182,a442c300,a1e08095,a32d0b8e,a0628815,a0010211,a302040c,a4024726,a3028903,a104d30a,a1214003,a0a38182
a2864584,a2400719,a0420380,a020ca1e,a0238a94,a1e20600,a1c24702,a0860389,a0840583,a082c504,a200c284,a00c8023
a0a74201,a2e14203,a10a8381,a0070082,a2018306,a0c1d60d,a0a9c181,a5c28201,a14c890b,a041d987,a0a20604,a0a90984
a2098833,a0c1ca8c,a1404903,a4684083,a1408801,a104c000,a020c806,a480c814,a0270308,a2a34603,a041438b,a041c980
a3000f89,a402420b,a3a38391,a5a30103,a0c0c686,a2c20312,a044c64d,a024cf05,a8434581,a0c84209,a006800b,a1848a01
a0629d17,a0a1d088,a0864606,a403880f,a0a18420,a000ca2e,a081df84,a121028f,a182c70f,a282920a,a461c183,a2020088
a024d190,a367cd0a,a222c298,a0608402,a083888c,a6840210,a481040f,a0a24a82,a1025b8d,a0428d00,a0fc4181,a1f00983
a0a2049f,a1ea048e,a081cba4,a008c59f,a122008b,a1c0db8f,a280060e,a1c64781,a123c00f,a0c18683,a0e30f17,a180098d
a0c2c68c,a3a7c088,a0218195,a5a5ad95,a109c099,a4c08390,a061c130,a0a04181,a0834306,a2c3990a,a1a2810e,a0040200
a021418f,a0010e01,a0838201,a2c1439d,a001090b,a040800a,a1870905,a160cb8f,a3214435,a1ca4384,a044063a,a0285139
a100ca11,a201c007,a0e21302,a5ec0600,a102000e,ab02010a,a0a2c98a,a3c34780,a0e1828a,a1a40186,a020cc02,a0288e18
a0208380,a263039a,a040c408,a3e04694,a104409f,a1004800,a1660495,a4018486,a4438207,a08301a1,a0624a82,a2074193
a0610386,a284c789,a1610287,a082438c,a0f3db07,a2a1800a,a0abc19f,a2c10302,a082c084,a0c20186,a561c40d,a1830309
a0a0c185,a186840a,a0444682,a0c38327,a0a504ac,a3004520,a2238091,a3418210,a1408d82,a320cb8f,a241cc93,a1411805
a500d884,a1418081,a1e303ae,a1830981,a4e6438e,a1685608,a2038020,a105d11a,a500c300,a0414181,a2034aa3,a1640c94
a1a8409a,a0e00e83,a0888f03,a0e14ead,a167440c,a0e6409e,a1c58783,a024c106,a0e3c709,a2800d0f,a100840b,a0e6ce81
a027081d,a1028b04,a0814302,a063c081,a2000089,a4c19304,a563cc0b,a0068305,a0e4d214,a202068d,a00a030d,a146048d
a001020f,a2a54501,a1218206,a263c406,a0674200,a040008a,a0238d83,a0c10b06,a0a0c612,a02ccc02,a0e54d09,a3010802
a1c04f25,a0a0508a,a0c4410f,a1e68308,a180011b,a225408a,a1ed8909,a1638296,a0ae8e04,a124849a,a0e6420a,a1624013
a0816c1c,a3604102,a0e04001,a16000a3,a4018c9c,a1a3c09e,a021019d,a0840f07,a321c380,a3228a8f,a2814088,a1008301
a460440d,a1024b00,a3a35284,a1605187,a345818e,a043148b,a0a14791,a060028a,a0210d8e,a1010e19,a0608498,a022131c
a6c1c700,a4e74091,a0a38588,a5a9421e,a0625201,a00643b2,a2cc8248,a1c00180,a0221c87,a2814c8d,a2e00001,a2c09104
a0208089,a3a04e8c,a1a79104,a040890b,a2000d87,a1a0c503,a061c10e,a1251389,a101c28f,a023d185,a10345a7,a0444607
a028c08a,a0e0c880,a1c00484,a14009b8,a0cac60f,a543c582,a0002d0d,a642c488,a2230602,a500420c,a14081b2,a041018b
a1638d81,a101cc33,a0800d07,a0021810,a081c18a,a0458190,a383860a,a22e0414,a4a28503,a28ac084,a1220501,a3010402
a0851486,a0e94396,a242c080,a5a3c297,a0208316,a160c405,a121c610,a1408624,a082c90d,a3a042b5,a0a95280,a0c0d492
a002d104,a1444607,a0640389,a0800390,a103420d,a0478191,a042d586,a340c104,a1c0c004,a3a20906,a5448d87,a2848180
a3848880,a4c24203,a0400ca5,a0634585,a0834609,a201c588,a107051d,a2668598,a022c200,a2200202,a1064002,a308c387
a44b0380,a0811905,a0200188,a247c103,a30148a3,a0414698,a022c988,a100c283,a0064b0d,a0418110,a40955a9,a060a68f
a062c787,a0e74a10,a100058e,a3a2050e,a0e44616,a1418112,a241820a,a4c6cf2c,a0c20220,a02580a7,a0244e8b,a1c54187
a0c10690,a1418e88,a1410287,a1069bad,a005c180,a2408806,a420c601,a201828f,a161cc1f,a1458007,a6608304,a23200be
a324c50e,a280418c,a1000601,a120820a,a0008c8f,a2618487,a0849282,a1a6c796,a0000003,a6420189,a282c704,a0234c82
a1a78789,a0250304,a0a6c28c,a1e3418f,a2a149b9,a2204087,a100809e,a1a040a4,a1405108,a0e2d034,a0e10b11,a0608086
a0a8d295,a2400d83,a0c0400e,a0ae0587,a0c1c503,a160c296,a1c243a9,a0068c09,a06a029b,a2a08389,a1e34301,a5c00987
a0c5825c,a0815193,a1e15281,a5c00197,a0210286,a4a1008c,a0a4861b,a001450e,a1a88887,a3c11781,a3a2808c,a1e28015
a1a4069c,a3820208,a126c885,a0248883,a100cb8b,a061c38f,a083c485,a0c4c605,a1238302,a1034885,a2820837,a0c8010d
a1488581,a0438015,a14ac510,a183888c,a062c003,a0a4c1a7,a14bc08d,a5448088,a022c00d,a0c1cf0b,a02c8008,a0a21201
a020850a,a0a0c193,a2494513,a6e34083,a060500d,aa64440a,a210cc8b,a0434187,a1620716,a046030b,a401020e,a0470107
a0279e81,a2412285,a103439e,a3e18281,a3c3050a,a0214020,a160c289,a1038081,a0018e88,a06ac801,a0014603,a220c108
a1424703,a1a00000,a0a8d097,a3a20500,a0c54801,a182ce99,a0e2d002,a2c74084,a5810185,a189c108,a246851c,a1810188
a2e1c41b,a0638b95,a020c088,a1800880,a0c81609,a387c500,a0c14a25,a1408102,a1a145a1,a3238086,a3628383,a1a50204
a7614010,a0c1048a,a0a14106,a1820319,a5478d81,a22b8605,a1a04433,a540dc1a,a0a38f56,a0888720,a380868d,a00f4119
a02248a0,a0e3c601,a16cc301,a180400e,a640c093,a0648207,a2a14d94,a3e44906,a0c08307,a0608381,a1414119,a14405aa
a1834387,a0c44c2f,a300008c,a00c102e,a0600286,a120cc90,a1274012,a143c18f,a1c60e0c,a0c48501,a060508d,a0420686
a3a14381,a0824605,a540438b,a481472c,a0418ba1,a0408d80,a220c205,a0e08192,a4618635,a121c199,a0a14384,a0600201
